{
  "Records": [
    {
      "eventID": "1",
      "eventVersion": "1.0",
      "dynamodb": {
        "Keys": {
          "txid": {
            "S": "abc123"
          }
        },
        "NewImage": {
          "gross": {
            "N": 39
          },
          "costs": {
            "N": 27
          },
          "txid": {
            "S": "abc123"
          }
        },
        "StreamViewType": "NEW_AND_OLD_IMAGES",
        "SequenceNumber": "111",
        "SizeBytes": 26
      },
      "awsRegion": "us-west-2",
      "eventName": "INSERT",
      "eventSourceARN": "arn:aws:dynamodb:us-west-2:account-id:table/ExampleTableWithStream/stream/2015-06-27T00:48:05.899",
      "eventSource": "aws:dynamodb"
    },
    {
      "eventID": "2",
      "eventVersion": "1.0",
      "dynamodb": {
        "OldImage": {
          "Message": {
            "S": "New item!"
          },
          "Id": {
            "N": "101"
          }
        },
        "SequenceNumber": "222",
        "Keys": {
          "Id": {
            "N": "101"
          }
        },
        "SizeBytes": 59,
        "NewImage": {
          "Message": {
            "S": "This item has changed"
          },
          "Id": {
            "N": "101"
          }
        },
        "StreamViewType": "NEW_AND_OLD_IMAGES"
      },
      "awsRegion": "us-west-2",
      "eventName": "MODIFY",
      "eventSourceARN": "arn:aws:dynamodb:us-west-2:account-id:table/ExampleTableWithStream/stream/2015-06-27T00:48:05.899",
      "eventSource": "aws:dynamodb"
    },
    {
      "eventID": "3",
      "eventVersion": "1.0",
      "dynamodb": {
        "Keys": {
          "Id": {
            "N": "101"
          }
        },
        "SizeBytes": 38,
        "SequenceNumber": "333",
        "OldImage": {
          "Message": {
            "S": "This item has changed"
          },
          "Id": {
            "N": "101"
          }
        },
        "StreamViewType": "NEW_AND_OLD_IMAGES"
      },
      "awsRegion": "us-west-2",
      "eventName": "REMOVE",
      "eventSourceARN": "arn:aws:dynamodb:us-west-2:account-id:table/ExampleTableWithStream/stream/2015-06-27T00:48:05.899",
      "eventSource": "aws:dynamodb"
    }
  ]
}
